id_cnam,strat,pondere
205,potrivit exact,19.72
1901,nepotrivit,1.95
97,nepotrivit,1.95
757,nepotrivit,1.95
704,potrivit exact,19.72
1980,nepotrivit,1.95
659,potrivit exact,19.72
1793,potrivit exact,19.72
1896,nepotrivit,1.95
1386,nepotrivit,1.95
949,potrivit exact,19.72
1977,potrivit exact,19.72
1633,potrivit exact,19.72
1238,nepotrivit,1.95
85,nepotrivit,1.95
180,potrivit exact,19.72
1073,nepotrivit,1.95
1042,potrivit exact,19.72
40,potrivit exact,19.72
1581,potrivit exact,19.72
630,potrivit exact,19.72
1536,nepotrivit,1.95
1444,potrivit exact,19.72
1328,potrivit exact,19.72
228,nepotrivit,1.95
1266,nepotrivit,1.95
1183,potrivit exact,19.72
911,nepotrivit,1.95
1667,nepotrivit,1.95
361,potrivit exact,19.72
650,potrivit exact,19.72
875,potrivit exact,19.72
1695,potrivit exact,19.72
181,potrivit exact,19.72
523,nepotrivit,1.95
87,nepotrivit,1.95
433,potrivit exact,19.72
967,potrivit exact,19.72
1242,potrivit exact,19.72
721,potrivit exact,19.72
916,nepotrivit,1.95
230,nepotrivit,1.95
1395,potrivit exact,19.72
906,potrivit exact,19.72
1430,nepotrivit,1.95
1233,nepotrivit,1.95
1443,potrivit exact,19.72
2141,potrivit exact,19.72
1229,potrivit exact,19.72
1264,potrivit exact,19.72
245,nepotrivit,1.95
283,potrivit exact,19.72
565,potrivit exact,19.72
571,nepotrivit,1.95
327,nepotrivit,1.95
1053,potrivit exact,19.72
593,potrivit exact,19.72
1891,nepotrivit,1.95
778,nepotrivit,1.95
1021,potrivit exact,19.72
1101,nepotrivit,1.95
922,nepotrivit,1.95
1644,nepotrivit,1.95
2107,potrivit exact,19.72
1664,nepotrivit,1.95
520,nepotrivit,1.95
453,nepotrivit,1.95
524,nepotrivit,1.95
1123,nepotrivit,1.95
1323,potrivit exact,19.72
1126,potrivit exact,19.72
1611,potrivit exact,19.72
1129,nepotrivit,1.95
1358,nepotrivit,1.95
2044,nepotrivit,1.95
1686,potrivit exact,19.72
1235,potrivit exact,19.72
2135,nepotrivit,1.95
1886,nepotrivit,1.95
1143,potrivit exact,19.72
1267,nepotrivit,1.95
1371,potrivit exact,19.72
1385,nepotrivit,1.95
1507,potrivit exact,19.72
1465,potrivit exact,19.72
890,nepotrivit,1.95
83,nepotrivit,1.95
649,potrivit exact,19.72
1232,nepotrivit,1.95
1032,potrivit exact,19.72
1974,nepotrivit,1.95
1668,nepotrivit,1.95
972,nepotrivit,1.95
1903,nepotrivit,1.95
340,potrivit exact,19.72
1561,nepotrivit,1.95
1748,potrivit exact,19.72
377,potrivit exact,19.72
543,nepotrivit,1.95
525,nepotrivit,1.95
895,potrivit exact,19.72
1122,nepotrivit,1.95
226,potrivit exact,19.72
540,nepotrivit,1.95
1895,nepotrivit,1.95
2006,nepotrivit,1.95
758,potrivit exact,19.72
953,potrivit exact,19.72
1483,potrivit exact,19.72
1020,potrivit exact,19.72
409,potrivit exact,19.72
385,potrivit exact,19.72
1642,nepotrivit,1.95
945,potrivit exact,19.72
1965,potrivit exact,19.72
951,potrivit exact,19.72
582,potrivit exact,19.72
1438,potrivit exact,19.72
168,potrivit exact,19.72
1309,nepotrivit,1.95
1551,nepotrivit,1.95
1251,potrivit exact,19.72
1355,nepotrivit,1.95
2063,potrivit exact,19.72
111,nepotrivit,1.95
98,nepotrivit,1.95
2150,potrivit exact,19.72
1527,potrivit exact,19.72
535,nepotrivit,1.95
90,potrivit exact,19.72
1867,potrivit exact,19.72
1697,potrivit exact,19.72
197,nepotrivit,1.95
201,nepotrivit,1.95
48,potrivit exact,19.72
880,nepotrivit,1.95
1649,nepotrivit,1.95
1124,nepotrivit,1.95
1872,potrivit exact,19.72
1158,nepotrivit,1.95
924,nepotrivit,1.95
1671,potrivit exact,19.72
1172,potrivit exact,19.72
1591,potrivit exact,19.72
518,nepotrivit,1.95
1157,nepotrivit,1.95
144,potrivit exact,19.72
321,potrivit exact,19.72
641,potrivit exact,19.72
1564,nepotrivit,1.95
1240,nepotrivit,1.95
1391,nepotrivit,1.95
561,potrivit exact,19.72
1402,potrivit exact,19.72
192,nepotrivit,1.95
1995,nepotrivit,1.95
544,nepotrivit,1.95
1648,nepotrivit,1.95
608,potrivit exact,19.72
805,nepotrivit,1.95
537,nepotrivit,1.95
243,nepotrivit,1.95
742,potrivit exact,19.72
1176,nepotrivit,1.95
2019,potrivit exact,19.72
1661,nepotrivit,1.95
1043,potrivit exact,19.72
2002,potrivit exact,19.72
1503,potrivit exact,19.72
1599,potrivit exact,19.72
337,nepotrivit,1.95
421,nepotrivit,1.95
130,nepotrivit,1.95
969,nepotrivit,1.95
894,nepotrivit,1.95
743,nepotrivit,1.95
1161,nepotrivit,1.95
2050,nepotrivit,1.95
1475,nepotrivit,1.95
311,potrivit exact,19.72
1875,nepotrivit,1.95
1212,potrivit exact,19.72
1489,nepotrivit,1.95
383,potrivit exact,19.72
1312,potrivit exact,19.72
557,potrivit exact,19.72
931,potrivit exact,19.72
1559,nepotrivit,1.95
392,potrivit exact,19.72
206,potrivit exact,19.72
933,potrivit exact,19.72
1002,potrivit exact,19.72
235,nepotrivit,1.95
1836,potrivit exact,19.72
809,nepotrivit,1.95
194,nepotrivit,1.95
1705,nepotrivit,1.95
889,nepotrivit,1.95
1118,nepotrivit,1.95
2051,potrivit exact,19.72
