id_cnam,tip,inainte,dupa,motiv
704,pre-completare (candidat identic),,x 1300400569,"denumire, doză, formă și divizare identice"
659,pre-completare (candidat identic),,x 1309090123,"denumire, doză, formă și divizare identice"
1793,pre-completare (candidat identic),,x 9200500416,"denumire, doză, formă și divizare identice"
949,pre-completare (candidat identic),,x 9210701148,"denumire, doză, formă și divizare identice"
1977,pre-completare (candidat identic),,x 9240803331,"denumire, doză, formă și divizare identice"
180,pre-completare (candidat identic),,x 0208390033,"denumire, doză, formă și divizare identice"
1042,pre-completare (candidat identic),,x 2008650092,"denumire, doză, formă și divizare identice"
40,pre-completare (candidat identic),,x 0109070265,"denumire, doză, formă și divizare identice"
630,pre-completare (candidat identic),,x 1207400060,"denumire, doză, formă și divizare identice"
1444,pre-completare (candidat identic),,x 0307530073,"denumire, doză, formă și divizare identice"
1328,pre-completare (candidat identic),,x 0200300681,"denumire, doză, formă și divizare identice"
1183,pre-completare (candidat identic),,x 0100450907,"denumire, doză, formă și divizare identice"
361,pre-completare (candidat identic),,x 0400120270,"denumire, doză, formă și divizare identice"
650,pre-completare (candidat identic),,x 1300160061,"denumire, doză, formă și divizare identice"
875,pre-completare (candidat identic),,x 1800070031,"denumire, doză, formă și divizare identice"
1695,pre-completare (candidat identic),,x 9241003463,"denumire, doză, formă și divizare identice"
181,pre-completare (candidat identic),,x 0200360012,"denumire, doză, formă și divizare identice"
433,pre-completare (candidat identic),,x 9200500446,"denumire, doză, formă și divizare identice"
967,pre-completare (candidat identic),,x 1900010049,"denumire, doză, formă și divizare identice"
1395,pre-completare (candidat identic),,x 0309340072,"denumire, doză, formă și divizare identice"
906,pre-completare (candidat identic),,x 9241203597,"denumire, doză, formă și divizare identice"
2141,pre-completare (candidat identic),,x 2008540032,"denumire, doză, formă și divizare identice"
1229,pre-completare (candidat identic),,x 9251203993,"denumire, doză, formă și divizare identice"
565,pre-completare (candidat identic),,x 9190700054,"denumire, doză, formă și divizare identice"
1053,pre-completare (candidat identic),,x 9200500498,"denumire, doză, formă și divizare identice"
593,pre-completare (candidat identic),,x 1200190072,"denumire, doză, formă și divizare identice"
1021,pre-completare (candidat identic),,x 1900400165,"denumire, doză, formă și divizare identice"
2107,pre-completare (candidat identic),,x 9230102429,"denumire, doză, formă și divizare identice"
1323,pre-completare (candidat identic),,x 0200300256,"denumire, doză, formă și divizare identice"
1126,pre-completare (candidat identic),,x 0307260044,"denumire, doză, formă și divizare identice"
1611,pre-completare (candidat identic),,x 9240703288,"denumire, doză, formă și divizare identice"
1686,pre-completare (candidat identic),,x 1200120178,"denumire, doză, formă și divizare identice"
1235,pre-completare (candidat identic),,x 0100550520,"denumire, doză, formă și divizare identice"
1143,pre-completare (candidat identic),,x 0109110103,"denumire, doză, formă și divizare identice"
1371,pre-completare (candidat identic),,x 0300140143,"denumire, doză, formă și divizare identice"
1465,pre-completare (candidat identic),,x 0304950124,"denumire, doză, formă și divizare identice"
649,pre-completare (candidat identic),,x 1300160186,"denumire, doză, formă și divizare identice"
1032,pre-completare (candidat identic),,x 1900480141,"denumire, doză, formă și divizare identice"
1748,pre-completare (candidat identic),,x 1200340567,"denumire, doză, formă și divizare identice"
377,pre-completare (candidat identic),,x 0400190347,"denumire, doză, formă și divizare identice"
895,pre-completare (candidat identic),,x 9231203067,"denumire, doză, formă și divizare identice"
226,pre-completare (candidat identic),,x 0305620554,"denumire, doză, formă și divizare identice"
758,pre-completare (candidat identic),,x 9200900731,"denumire, doză, formă și divizare identice"
953,pre-completare (candidat identic),,x 1808010754,"denumire, doză, formă și divizare identice"
1483,pre-completare (candidat identic),,x 9220501790,"denumire, doză, formă și divizare identice"
1020,pre-completare (candidat identic),,x 1900400051,"denumire, doză, formă și divizare identice"
409,pre-completare (candidat identic),,x 9251103945,"denumire, doză, formă și divizare identice"
385,pre-completare (candidat identic),,x 0400320759,"denumire, doză, formă și divizare identice"
945,pre-completare (candidat identic),,x 1808010352,"denumire, doză, formă și divizare identice"
1965,pre-completare (candidat identic),,x 1807660417,"denumire, doză, formă și divizare identice"
951,pre-completare (candidat identic),,x 9221102351,"denumire, doză, formă și divizare identice"
582,pre-completare (candidat identic),,x 1200180336,"denumire, doză, formă și divizare identice"
1438,pre-completare (candidat identic),,x 0300320561,"denumire, doză, formă și divizare identice"
168,pre-completare (candidat identic),,x 0200300223,"denumire, doză, formă și divizare identice"
1251,pre-completare (candidat identic),,x 0108850411,"denumire, doză, formă și divizare identice"
2063,pre-completare (candidat identic),,x 9231103000,"denumire, doză, formă și divizare identice"
2150,pre-completare (candidat identic),,x 2200070465,"denumire, doză, formă și divizare identice"
1527,pre-completare (candidat identic),,x 0400320508,"denumire, doză, formă și divizare identice"
90,pre-completare (candidat identic),,x 0100551860,"denumire, doză, formă și divizare identice"
1867,pre-completare (candidat identic),,x 9220301613,"denumire, doză, formă și divizare identice"
1697,pre-completare (candidat identic),,x 9241003464,"denumire, doză, formă și divizare identice"
48,pre-completare (candidat identic),,x 2208700030,"denumire, doză, formă și divizare identice"
1872,pre-completare (candidat identic),,x 1400290602,"denumire, doză, formă și divizare identice"
1671,pre-completare (candidat identic),,x 1100050049,"denumire, doză, formă și divizare identice"
1172,pre-completare (candidat identic),,x 0100330153,"denumire, doză, formă și divizare identice"
1591,pre-completare (candidat identic),,x 9230102484,"denumire, doză, formă și divizare identice"
144,pre-completare (candidat identic),,x 0108040553,"denumire, doză, formă și divizare identice"
321,pre-completare (candidat identic),,x 0409420032,"denumire, doză, formă și divizare identice"
641,pre-completare (candidat identic),,x 9221102339,"denumire, doză, formă și divizare identice"
1402,pre-completare (candidat identic),,x 0305620613,"denumire, doză, formă și divizare identice"
608,pre-completare (candidat identic),,x 1200280926,"denumire, doză, formă și divizare identice"
2019,pre-completare (candidat identic),,x 9220501832,"denumire, doză, formă și divizare identice"
1043,pre-completare (candidat identic),,x 9230202560,"denumire, doză, formă și divizare identice"
2002,pre-completare (candidat identic),,x 9220802004,"denumire, doză, formă și divizare identice"
311,pre-completare (candidat identic),,x 0303050038,"denumire, doză, formă și divizare identice"
1212,pre-completare (candidat identic),,x 9190600012,"denumire, doză, formă și divizare identice"
383,pre-completare (candidat identic),,x 0400320416,"denumire, doză, formă și divizare identice"
1312,pre-completare (candidat identic),,x 9241003454,"denumire, doză, formă și divizare identice"
557,pre-completare (candidat identic),,x 1100050050,"denumire, doză, formă și divizare identice"
931,pre-completare (candidat identic),,x 1808010271,"denumire, doză, formă și divizare identice"
392,pre-completare (candidat identic),,x 9230602765,"denumire, doză, formă și divizare identice"
206,pre-completare (candidat identic),,x 0300110081,"denumire, doză, formă și divizare identice"
933,pre-completare (candidat identic),,x 1808010525,"denumire, doză, formă și divizare identice"
2051,pre-completare (candidat identic),,x 1909110023,"denumire, doză, formă și divizare identice"
1242,pre-completare (divizare),,x 0100550302,"aceeași cantitate, divizare scrisă diferit"
1264,pre-completare (divizare),,x 9251103954,"aceeași cantitate, divizare scrisă diferit"
1507,pre-completare (divizare),,x 0400120225,"aceeași cantitate, divizare scrisă diferit"
561,pre-completare (divizare),,x 9191200258,"aceeași cantitate, divizare scrisă diferit"
1503,pre-completare (divizare),,x 0400120030,"aceeași cantitate, divizare scrisă diferit"
1599,pre-completare (divizare),,x 0900011234,"aceeași cantitate, divizare scrisă diferit"
1002,pre-completare (divizare),,x 1900300346,"aceeași cantitate, divizare scrisă diferit"
721,corectură,x 250 ml + x 100 ml,cod manual 9231203095,"volum 200 ml al aceleiași firme, lipsă din candidați"
180,corectură,x 0208390033 (auto),INCERT,volum diferit
2019,corectură,x (auto),"x păstrat, comentariu",deținător diferit în CNAM: Egis vs Laboratorio STADA
1748,corectură,x (auto),"x păstrat, comentariu",deținător diferit în CNAM: Kusum Pharm vs Gladpharm
557,corectură,x (auto),"x păstrat, comentariu",deținător diferit în CNAM: Sandoz vs Lek
1183,corectură,x (auto),"x păstrat, comentariu",deținător diferit în CNAM: Sanofi vs Opella Healthcare
593,corectură,x (auto),"x păstrat, comentariu",deținător diferit în CNAM: Pharma Start vs Acino Ucraina
1021,corectură,x (auto),"x păstrat, comentariu",deținător diferit în CNAM: Medana Pharma vs Polpharma
1836,corectură,x 1400100312,x 1400100323,volum 400 ml (se alesese 200 ml)
245,corectură,x nan,x 0400201371,"două coduri identice; unul ales, celălalt în comentariu"
1443,corectură,NICIUNUL,x 0300320103,"marcă unică, ambalaj identic"
1475,corectură,INCERT,x 0300860032,"18000 UI/ml = 0,45 mg/ml"
1886,corectură,INCERT,x 1609060118,"identic, capsule N7x3 KRKA"
243,corectură,INCERT,x 0305620668,"aceeași firmă (Nobel) și solvent 3,5 ml"
1536,corectură,INCERT,x 0400440019,formă diferită în CNAM
228,corectură,INCERT,x 0305620565,formă diferită (cu/fără solvent)
327,corectură,INCERT,NICIUNUL,soluția orală nu există în Nomenclator
1664,corectură,INCERT,NICIUNUL,Mixtard lipsește din Nomenclator
1129,corectură,NICIUNUL,INCERT,firmă și formă diferite
922,corectură,x 9230102448,x păstrat + comentariu,formă diferită în CNAM
2006,corectură,x 9230102448,x păstrat + comentariu,formă diferită în CNAM
924,corectură,x 9230102450,x păstrat + comentariu,formă diferită în CNAM
98,corectură,x 0108850455,x păstrat + comentariu,formă diferită în CNAM
1705,corectură,x 9231002970,x păstrat + comentariu,formă diferită în CNAM
235,corectură,x 9221102326,x păstrat + comentariu,formă diferită în CNAM
537,corectură,x 0900160202,x păstrat + comentariu,formă diferită în CNAM
1661,corectură,x 0900160202,x păstrat + comentariu,formă diferită în CNAM
809,corectură,x 1600430044,x păstrat + comentariu,formă diferită în CNAM
